[{"cmd":"self","time":1748183518252},{"cmd":"delcase","time":1748183557633},{"cmd":"addcase","time":1748183560937},{"cmd":"s","time":1748183568920},{"cmd":"addcase","time":1748183575179},{"cmd":"addcase","time":1748183581020},{"cmd":"addcase","time":1748183604136},{"cmd":"addcase","time":1748183658287},{"cmd":"getcase","time":1748183667358},{"cmd":"addcase","time":1748183686169},{"cmd":"s","time":1748183693060},{"cmd":"tiktokstalk","time":1748183780106},{"cmd":"ttstalk","time":1748184008432},{"cmd":"delcase","time":1748184160099},{"cmd":"addcase","time":1748184331257},{"cmd":"uninstallpanel","time":1748184484045},{"cmd":"subdomain","time":1748184506188},{"cmd":"domain","time":1748184511256},{"cmd":"subdomain","time":1748184518937},{"cmd":"domain","time":1748184522684},{"cmd":"installpanel","time":1748184569055},{"cmd":"startwings","time":1748184825807},{"cmd":"autojoin","time":1748185602866},{"cmd":"autojoin","time":1748185606364},{"cmd":"autojoin","time":1748185708809},{"cmd":"tt","time":1748219429580},{"cmd":"tt","time":1748219447657},{"cmd":"play","time":1748220489694},{"cmd":"ytmp3","time":1748220502324},{"cmd":"s","time":1748230351648},{"cmd":"quiziz","time":1748230370794},{"cmd":"sc","time":1748230801766},{"cmd":"tr","time":1748240041333},{"cmd":"idch","time":1748240454208},{"cmd":"addcase","time":1748241578378},{"cmd":"serverstatus","time":1748241585526},{"cmd":"delcase","time":1748241618005},{"cmd":"delcase","time":1748241624240},{"cmd":"tiktok","time":1748244310485},{"cmd":"listsrv","time":1748245595527},{"cmd":"s","time":1748245605473},{"cmd":"listp","time":1748245614610},{"cmd":"addakses","time":1748245621802},{"cmd":"listp","time":1748245624375},{"cmd":"hd","time":1748250061588},{"cmd":"1gb","time":1748250250517},{"cmd":"1gb","time":1748250268841},{"cmd":"mf","time":1748250545448},{"cmd":"s","time":1748250583612},{"cmd":"s","time":1748250755775},{"cmd":"mf2","time":1748250760469},{"cmd":"mf3","time":1748250766011},{"cmd":"restart","time":1748250777240},{"cmd":"hbpanel","time":1748252274752},{"cmd":"hbpanel","time":1748252300970},{"cmd":"addcase","time":1748252714826},{"cmd":"chatai","time":1748252744504},{"cmd":"chatai","time":1748252749355},{"cmd":"addcase","time":1748252921319},{"cmd":"chatai","time":1748252925057},{"cmd":"chatai","time":1748252935172},{"cmd":"installtema","time":1748255645823},{"cmd":"installdepend","time":1748255656241},{"cmd":"installtemanebula","time":1748255713431},{"cmd":"s","time":1748256033592},{"cmd":"uninstalltema","time":1748256038954},{"cmd":"installtema","time":1748256076609},{"cmd":"installdepend","time":1748256083352},{"cmd":"installtemanebula","time":1748256131397},{"cmd":"hbpanel","time":1748256174529},{"cmd":"hbpanel","time":1748256185055},{"cmd":"hbpanel","time":1748256191845},{"cmd":"uninstallpanel","time":1748259239058},{"cmd":"subdomain","time":1748259408565},{"cmd":"domain","time":1748259412690},{"cmd":"subdomain","time":1748259574907},{"cmd":"domain","time":1748259581154},{"cmd":"delcase","time":1748260484881},{"cmd":"addcase","time":1748260488582},{"cmd":"play","time":1748260492482},{"cmd":"cekidch","time":1748261680822},{"cmd":"addcase","time":1748267359625},{"cmd":"menuu","time":1748267361906},{"cmd":"menuu","time":1748267365378},{"cmd":"delcase","time":1748267407899},{"cmd":"uninstallpanel","time":1748268502156},{"cmd":"subdomain","time":1748268627057},{"cmd":"domain","time":1748268634654},{"cmd":"subdomain","time":1748268685467},{"cmd":"domain","time":1748268692174},{"cmd":"installpanel","time":1748268744862},{"cmd":"s","time":1748299662985},{"cmd":"addcase","time":1748299678720},{"cmd":"setname","time":1748299684131},{"cmd":"delcase","time":1748299725925},{"cmd":"addcase","time":1748299741144},{"cmd":"setname","time":1748299744049},{"cmd":"setname","time":1748299757241},{"cmd":"addcase","time":1748299999500},{"cmd":"getbisnis","time":1748300008027},{"cmd":"delcase","time":1748300067613},{"cmd":"addcase","time":1748300115120},{"cmd":"getbisnis","time":1748300123211},{"cmd":"delcase","time":1748300188580},{"cmd":"addcase","time":1748300244738},{"cmd":"getbisnis","time":1748300247825},{"cmd":"getbisnis","time":1748300291367},{"cmd":"getbisnis","time":1748300312571},{"cmd":"delcase","time":1748300462018},{"cmd":"addcase","time":1748300475020},{"cmd":"getbisnis","time":1748300480827},{"cmd":"getbisnis","time":1748300491354},{"cmd":"delcase","time":1748300571980},{"cmd":"addcase","time":1748300576548},{"cmd":"getbisnis","time":1748300585918},{"cmd":"getbisnis","time":1748300592618},{"cmd":"delcase","time":1748300635070},{"cmd":"addcase","time":1748300646641},{"cmd":"getbisnis","time":1748300657691},{"cmd":"delcase","time":1748300719994},{"cmd":"addcase","time":1748300738222},{"cmd":"getbisnis","time":1748300743338},{"cmd":"getbisnis","time":1748300822555},{"cmd":"addcase","time":1748301061400},{"cmd":"setname","time":1748301064356},{"cmd":"setname","time":1748301067683},{"cmd":"menu","time":1748303633043},{"cmd":"register","time":1748303654168},{"cmd":"menu","time":1748303661732},{"cmd":"allmenu","time":1748303681423},{"cmd":"buypanel","time":1748303715388},{"cmd":"buypanel","time":1748303724940},{"cmd":"installrdp","time":1748303800912},{"cmd":"buyjasajpm","time":1748303831731},{"cmd":"batalbeli","time":1748303839000},{"cmd":"stok","time":1748303874935},{"cmd":"stock","time":1748303881405},{"cmd":"apk","time":1748303893373},{"cmd":"apk","time":1748303939236},{"cmd":"apk","time":1748303953715},{"cmd":"createch","time":1748303981292},{"cmd":"upchat","time":1748304032119},{"cmd":"login","time":1748304038655},{"cmd":"installrdp","time":1748304104531},{"cmd":"createch","time":1748304116106},{"cmd":"installdepend","time":1748304123310},{"cmd":"installdepend","time":1748304179699}]